<?xml version="1.0" standalone="no" ?>
<manifest identifier="cULe0t5m-4iC-Bnc1TX1H6B-cME5_u3gAm8TJ7wc" version="1.3"
  xmlns="http://www.imsglobal.org/xsd/imscp_v1p1"
  xmlns:xsi="http://www.w3.org/2001/XMLSchema-instance"
  xmlns:adlcp="http://www.adlnet.org/xsd/adlcp_v1p3"
  xmlns:adlseq="http://www.adlnet.org/xsd/adlseq_v1p3"
  xmlns:adlnav="http://www.adlnet.org/xsd/adlnav_v1p3"
  xmlns:imsss="http://www.imsglobal.org/xsd/imsss"
  xsi:schemaLocation="http://www.imsglobal.org/xsd/imscp_v1p1 imscp_v1p1.xsd
                      http://www.adlnet.org/xsd/adlcp_v1p3 adlcp_v1p3.xsd
                      http://www.adlnet.org/xsd/adlseq_v1p3 adlseq_v1p3.xsd
                      http://www.adlnet.org/xsd/adlnav_v1p3 adlnav_v1p3.xsd
                      http://www.imsglobal.org/xsd/imsss imsss_v1p0.xsd">
  <metadata>
    <schema>ADL SCORM</schema>
    <schemaversion>2004 4th Edition</schemaversion>
    <adlcp:location>metadata.xml</adlcp:location>
  </metadata>
  <organizations default="B0">
    <organization identifier="B0" adlseq:objectivesGlobalToSystem="false">
      <title>Employee Health and Wellness (Sample Course)</title>
      <item identifier="i1" identifierref="r1" isvisible="true">
        <title>Employee Health and Wellness (Sample Course)</title>
        <imsss:sequencing>
          <imsss:deliveryControls tracked="true" completionSetByContent="true" objectiveSetByContent="true"/>
        </imsss:sequencing>
      </item>
      <metadata>
        <adlcp:location>metadata.xml</adlcp:location>
      </metadata>
      <imsss:sequencing>
        <imsss:controlMode choice="true" flow="true"/>
        <imsss:deliveryControls tracked="true" completionSetByContent="false" objectiveSetByContent="false"/>
      </imsss:sequencing>
    </organization>
  </organizations>
  <resources>
    <resource identifier="r1" type="webcontent" adlcp:scormType="sco" href="scormdriver/indexAPI.html">
      <!-- SCORMDRIVER STUFF -->
      <file href="scormdriver/indexAPI.html" />
      <file href="scormdriver/AICCComm.html" />
      <file href="scormdriver/auto-scripts/AutoBookmark.js" />
      <file href="scormdriver/auto-scripts/AutoCompleteSCO.js" />
      <file href="scormdriver/auto-scripts/CourseExit.js" />
      <file href="scormdriver/blank.html" />
      <file href="scormdriver/goodbye.html" />
      <file href="scormdriver/scormdriver.js" />
      <file href="scormdriver/browsersniff.js" />
      <file href="scormcontent/lib/main.bundle.js"/>

      <!-- RUNTIME COMMON STUFF -->
      <file href="scormcontent/index.html" />

      
        <file href="scormcontent/lib/fonts/icomoon.ttf"/>
        <file href="scormcontent/lib/fonts/icomoon.woff"/>

        <file href="scormcontent/lib/icomoon.css"/>
        <file href="scormcontent/lib/main.bundle.css"/>
        <file href="scormcontent/lib/player-0.0.11.min.js"/>
        <file href="scormcontent/lib/lzwcompress.js"/>
      

      <!-- RUNTIME CONTENT STUFF -->
      <file href="scormcontent/assets/assets/player-interface.js" />
<file href="scormcontent/assets/assets/rise/assets/sample-course-v2/storyline-block-sample/html5/data/css/output.min.css" />
<file href="scormcontent/assets/assets/rise/assets/sample-course-v2/storyline-block-sample/html5/data/js/6N4hPBVGSVB.js" />
<file href="scormcontent/assets/assets/rise/assets/sample-course-v2/storyline-block-sample/html5/data/js/data.js" />
<file href="scormcontent/assets/assets/rise/assets/sample-course-v2/storyline-block-sample/html5/data/js/frame.js" />
<file href="scormcontent/assets/assets/rise/assets/sample-course-v2/storyline-block-sample/html5/data/js/paths.js" />
<file href="scormcontent/assets/assets/rise/assets/sample-course-v2/storyline-block-sample/html5/lib/scripts/app.min.js" />
<file href="scormcontent/assets/assets/rise/assets/sample-course-v2/storyline-block-sample/html5/lib/stylesheets/main.min.css" />
<file href="scormcontent/assets/assets/rise/assets/sample-course-v2/storyline-block-sample/html5/lib/stylesheets/mobile-fonts/open-sans-bold.woff" />
<file href="scormcontent/assets/assets/rise/assets/sample-course-v2/storyline-block-sample/html5/lib/stylesheets/mobile-fonts/open-sans-light.woff" />
<file href="scormcontent/assets/assets/rise/assets/sample-course-v2/storyline-block-sample/html5/lib/stylesheets/mobile-fonts/open-sans-regular.woff" />
<file href="scormcontent/assets/assets/rise/assets/sample-course-v2/storyline-block-sample/meta.xml" />
<file href="scormcontent/assets/assets/rise/assets/sample-course-v2/storyline-block-sample/mobile/5gf7UmNtcKU_80_B-10_DX1542_DY1542_CX1156_CY772.jpg" />
<file href="scormcontent/assets/assets/rise/assets/sample-course-v2/storyline-block-sample/story.html" />
<file href="scormcontent/assets/assets/rise/assets/sample-course-v2/storyline-block-sample/story_content/blank.html" />
<file href="scormcontent/assets/assets/rise/assets/sample-course-v2/storyline-block-sample/story_content/frame.json" />
<file href="scormcontent/assets/assets/rise/assets/sample-course-v2/storyline-block-sample/story_content/story.js" />
<file href="scormcontent/assets/assets/rise/assets/sample-course-v2/storyline-block-sample/story_content/thumbnail.jpg" />
<file href="scormcontent/assets/assets/rise/assets/sample-course-v2/storyline-block-sample/story_content/user.js" />
<file href="scormcontent/assets/assets/rise/assets/sample-course-v2/storyline-block-sample/story_html5.html" />
<file href="scormcontent/assets/assets/rise/assets/sample-course-v2/storyline-block-sample/threeSixty.json" />
<file href="scormcontent/lib/fonts/Lato-Light.woff" />
<file href="scormcontent/lib/fonts/Lato-Regular.woff" />
<file href="scormcontent/lib/fonts/Lato-Bold.woff" />
<file href="scormcontent/lib/fonts/Lato-Italic.woff" />
<file href="scormcontent/lib/fonts/Lato-Black.woff" />
<file href="scormcontent/lib/fonts/Merriweather-Light.woff" />
<file href="scormcontent/lib/fonts/Merriweather-Regular.woff" />
<file href="scormcontent/lib/fonts/Merriweather-Bold.woff" />
<file href="scormcontent/lib/fonts/Merriweather-Italic.woff" />
<file href="scormcontent/lib/fonts/Merriweather-Black.woff" />
<file href="scormcontent/assets/41OmhCSUyrVrL9rO_small.png" />
<file href="scormcontent/assets/jSZNBW6yRSOlcphY_stressed.jpg" />
<file href="scormcontent/assets/G7N6nsiR-Rn6cNRY_healthy-meal.mp3" />
<file href="scormcontent/assets/TNWJlCPtXaX5eGm4_healthy-meal.jpg" />
<file href="scormcontent/assets/4W3hv84Kw6rLclQu_harbor-canoe.jpg" />
<file href="scormcontent/assets/PXXPci6tU34iNj_A_women-at-window.jpg" />
<file href="scormcontent/assets/JvLBjzfHY_uKSYbY_on-shore.jpg" />
<file href="scormcontent/assets/AVng-yxFjFu7fFBZ_wellness-plan.pdf" />
<file href="scormcontent/assets/CEOy26efXDYqk_RD_family-eating.jpg" />
<file href="scormcontent/assets/3BpyXAZkPkAgoyOY_fruit.jpg" />
<file href="scormcontent/assets/UYEYnDWX2_V-DM9p_reading.jpg" />
<file href="scormcontent/assets/mDgMDq8jx3VSDyWt_rock-climbing.jpg" />
<file href="scormcontent/assets/9w3-6RHmy0bOe99Q_basketball.jpg" />
<file href="scormcontent/assets/O83ro9GBfO6Nf-fu_beach-yoga.jpg" />
<file href="scormcontent/assets/w6T4jKaU-ssls0V4_breakfast.jpg" />
<file href="scormcontent/assets/3l2Jm91riMhmwb9v_avocado.jpg" />
<file href="scormcontent/assets/nyvD8tHNUKwvIOfc_strawberries.mp3" />
<file href="scormcontent/assets/tGhcPY0rf-C9_D3k_strawberries.jpg" />
<file href="scormcontent/assets/2ILGMhEyZcVj2dNX_stretching.png" />
<file href="scormcontent/assets/UWbxj_rFQ-kTX_UX_stretching.mp4" />
<file href="scormcontent/assets/a7oGVW1nnPwz5jyE_neck-pain.jpg" />
<file href="scormcontent/assets/HArxUa-ZGIBpdhI3_stress-pain.jpg" />
<file href="scormcontent/assets/VHJNWpVYTi4adupj_sad.jpg" />
<file href="scormcontent/assets/sWw08yF9JblpIxYN_story.html" />
<file href="scormcontent/assets/KCFqgj7fOEZQy-n4_avatar.jpg" />
<file href="scormcontent/assets/5QPT13xUfE4mpRPy_volleyball.jpg" />
<file href="scormcontent/assets/eB51o87fLcVRFbA0_hammock.jpg" />
<file href="scormcontent/assets/cA1NqkW4uOrNVsw__gym.jpg" />
<file href="scormcontent/assets/Dv0y6_sn8hUjfcRa_plate.jpg" />
<file href="scormcontent/assets/pZXF7y5ry3NcEIyj_on-mountain.jpg" />
<file href="scormcontent/assets/zQqKqcSBFJtn2NQz_159_full.png" />
<file href="scormcontent/assets/vkiZiHgMZgUfav4C_200_full.png" />
<file href="scormcontent/assets/FyoIEoTWRapURcbQ_204_full.png" />
<file href="scormcontent/assets/GP9ZJ2sIvDx9ca53_210_full.png" />
<file href="scormcontent/assets/fBqaslN7RwxAUCFZ_186_full.png" />
<file href="scormcontent/assets/3fZBl1rUH-OJtwRq_110_full.png" />
<file href="scormcontent/assets/TrcCFZ81G4LqvofQ_167_full.png" />
<file href="scormcontent/assets/AWm5oQq226Lfbn4w_194_full.png" />
<file href="scormcontent/assets/klax1fG2aid1D3vT_206_full.png" />
<file href="scormcontent/assets/7KVqFLDrEq3SRHyD_163_full.png" />
<file href="scormcontent/assets/-8Ne2zsEuXouUisW_235_full.png" />
<file href="scormcontent/assets/wN3ggetJQOZUyy0c_220_full.png" />
<file href="scormcontent/assets/x6FQAKbt2aUjpdUJ_191_full.png" />
<file href="scormcontent/assets/H74hNVHxQ8pxxXZ9_234_full.png" />
<file href="scormcontent/assets/wCgPUnECW9i2jd8-_176_full.png" />
<file href="scormcontent/assets/EHYhmcqKpR9XJ8Cc_222_full.png" />

    </resource>
  </resources>
</manifest>
